N_value,T_value,tau_value,sigma_value,Bmax_value
4.751587722365782,13.051859148506153,3.228214450320796,0.09718536330547739,3.6885803449655388
7.202491905022918,12.28897998033399,5.838733650812691,0.23564025858975424,3.5036491319933267
5.496247809551171,11.116039561806272,3.4290496220576716,0.06704849066665128,4.516183941270473
2.821611723117699,7.341221889303386,2.6541588517858696,0.18262868419708375,6.102747223396467
9.375732112081472,8.75600824292435,1.5250630106596808,0.0427455312377209,3.0299703707290133
6.283351616012788,3.1189178618229274,3.041409891238122,0.036235619325435856,5.061485352955829
12.671862844982044,12.934923509009545,5.029184333943899,0.10170011877618454,3.2137012779625533
5.414988872704937,5.254489500672131,3.4869734137462696,0.1435415567164974,5.509030814316863
4.330406451426376,10.349682936104616,2.5220472956820315,0.12473233856250145,5.610518463770172
3.974685291114258,7.885808130561211,5.615712242242313,0.17433935963973407,7.473597532084634
5.098843315089166,10.709632003743472,2.2712280507693596,0.229479251075102,4.188836355487367
4.1200382708820475,10.522696705002303,4.1081625462275095,0.2982021974195532,5.476536945845524
3.334942500599807,8.21724308770465,1.941720594248749,0.061855289793153724,5.360281202508043
4.0699006139086675,11.450288801871379,3.3784017278699405,0.17448066014102898,5.049841091194109
4.923089871856506,9.992730276448029,3.1013255381643536,0.2149635052897324,4.164198571747235
5.832800292921536,11.535066897439739,3.525628639371042,0.0956753789747079,4.753956223373084
2.9215042458300147,6.4362946920801765,2.957490022602462,0.041986578119624085,6.1910693667133945
2.527963125281246,7.233447147243956,2.9105231488795438,0.01493315296561698,9.072144272480143
2.39863004951712,9.016510508730702,3.237908239879698,0.06314447777003752,10.129015364630673
2.7075553527756426,6.993420333252869,2.7966119620665637,0.10869972524507265,6.44312762464741
4.599313317944304,10.501996810082211,3.129254285852041,0.20234004809915618,4.740170362815812
4.922909099653029,10.834120939122855,3.0521386356569997,0.018177560510781853,4.6538075539578605
10.707457760694597,14.641304589344163,3.1000367455810887,0.14290257523261288,2.6226125986897686
3.724866548543506,9.338121524169797,3.4375424065942943,0.22829438326045576,6.308190964692734
4.181677790591923,9.312022498872945,4.051175018457435,0.11517305198297374,7.167290743680216
3.823029091923881,8.52704197777075,5.981778738340969,0.057543736699972925,10.759108712563112
2.8141900945529463,5.96082779807105,4.093168932181782,0.011289230353526018,9.954683102158624
6.604719581142404,13.598434539362872,2.7578089677291557,0.020282459132990385,3.7387756126679297
4.146992020389328,9.85173310640135,3.599784946794217,0.23217025315671166,4.662027453977225
5.401862900507702,9.496727573501037,3.9039894239173183,0.22704267373032444,4.345662467942239
14.15737596306737,3.911660835501321,1.8674613191421627,0.21113736760349144,2.54258090470805
3.768154231393003,8.819561216402754,4.910883170314675,0.15616886145030268,8.411984252817106
6.283351616012788,3.1189178618229274,3.041409891238122,0.036235619325435856,5.061485352955829
4.923254224856949,4.536918836401268,4.548357162178849,0.060288456972119014,6.316374413876892
3.0904004245828505,7.670371708654247,2.0395028736045053,0.0269761531047345,5.171670687424514
1.6891977298026921,11.980904304404941,0.7160285952678271,0.2706753134870079,8.696012338999411
10.739276820148541,8.651028705349848,0.9511720131994645,0.11529499980154893,2.4425678421139336
7.275521387165035,5.7620714405676186,2.6018967789054246,0.19771459370128183,3.310342995161436
4.2226445064498845,9.479226882134228,4.07482984156546,0.09422255750651928,6.1524149190277555
6.939957566363642,9.842985222336983,2.1257708336992085,0.05700291250524629,3.7436272273637075
5.401862900507702,9.496727573501037,3.9039894239173183,0.22704267373032444,4.345662467942239
7.202491905022918,12.28897998033399,5.838733650812691,0.23564025858975424,3.5036491319933267
6.7020343302680745,5.50738375417263,2.671630909359343,0.08009073069104912,3.9056603876121576
1.5222227847545051,4.0379814535576894,1.0605041550333765,0.1596503002153957,11.123094240241993
2.379269469209479,4.647977681521342,2.8203654431721414,0.025734441568531274,11.875568016646746
2.922149525644315,7.432605873648785,3.1146543251311307,0.05278005756610096,6.777911416353667
9.237292174840725,6.442644635795219,2.380160342657521,0.2272732804485746,2.9804689981936985
2.965643161539443,7.874810660189798,2.0827710725413873,0.044714689122456255,6.413709108191613
8.08593432121844,13.172530683179836,3.127141194718744,0.15299424400982772,3.3271131980523885
3.024614857716055,14.123387579735967,1.632743381329762,0.23952559485756775,6.277011783762689
8.81382069188313,13.415820495275947,2.6891658705398624,0.027196609869741976,3.6605863411308883
8.29606091095146,1.6544587858203574,1.770588534067984,0.19736649828062208,7.609520344347367
5.353687379542985,13.545268337090981,2.8749863165808427,0.11385983330685188,4.127296472356625
5.160390378326951,11.422967859378645,1.8702216160817262,0.23813991623832573,3.5852106572196285
9.510805278382753,11.372601137143015,2.3065604982556143,0.10693023236239979,2.2732178083454597
10.03476461724181,9.902517867645866,4.174064871376591,0.1423043471080251,3.3694058294859506
9.368903961671627,12.971903755688022,5.9348122351675165,0.2196010103686664,3.779077939471004
5.7122095678093014,5.813774529011674,3.1723833248373348,0.1322450786453292,4.923152970760625
4.227007322349654,13.209748693084519,3.3829460963866866,0.034925728247783686,5.381010892852061
4.1200382708820475,10.522696705002303,4.1081625462275095,0.2982021974195532,5.476536945845524
2.527963125281246,7.233447147243956,2.9105231488795438,0.01493315296561698,9.072144272480143
5.2322251455865025,11.998120036043556,2.975628967922588,0.1813742890247524,4.322760034656476
2.9144674372472323,7.9782912159778325,2.2021441033936866,0.0752418276229329,7.181902038109918
3.7275641028634863,6.577062666401297,1.1835123445410685,0.16092890940271692,5.940664982830261
4.965185191509747,10.88938450623901,3.5810216678958096,0.11295054299865351,4.590239630035139
8.842595587306281,5.638415578386798,2.4855305547948756,0.1129335910447062,2.6159142441362504
6.0704849683013204,2.2891055392658224,3.098355805887728,0.01110901172352685,6.51570920388255
4.8319574115763375,9.754589853787127,3.005309640712516,0.12768723943131344,4.375441313328727
8.29606091095146,1.6544587858203574,1.770588534067984,0.19736649828062208,7.609520344347367
5.415205655254602,5.21810070767554,3.5762540135442045,0.09056304212318547,4.69286791997359
5.396392415762084,4.589706890291039,3.9546715731951214,0.14769251658682825,6.088174960088066
2.399356953267203,8.549589308349747,3.442246814235139,0.04009271209985711,9.223770753890598
5.378029759896986,4.606560864564701,4.499695555002237,0.18997094984896537,7.202027073181695
4.982795031266686,4.855985558173067,4.22940529168183,0.010900873677322925,8.391710180226081
2.919144406052574,5.989774396594435,3.5059675130576897,0.0385338077326824,9.90901162271294
3.773880324371712,8.934811485181404,5.65869693956356,0.011826076632729554,11.155790895898967
3.7922192978973603,6.763033150891919,1.2243244457992486,0.022591830982130953,5.3709229446001165
4.781160665428972,9.58233085343672,3.387632774829609,0.19442714923821366,4.241250804294893
4.390379783040661,12.43586377492846,4.072163610013013,0.2676444146493798,5.8526702299904185
5.580847964307043,5.261080344265827,3.3349166257030696,0.19640283210139184,4.358278986591698
2.39863004951712,9.016510508730702,3.237908239879698,0.06314447777003752,10.129015364630673
13.470526822780617,12.444868964307757,5.0827076001831655,0.2458356185127321,2.585892874188977
5.075516374675755,5.191949410472537,3.0408322919606428,0.265872377777569,4.671568347263886
5.0291965230940106,10.767071937310288,3.2087642268355907,0.17096149458896226,4.796212184658636
1.848523039431873,5.7825657206797985,1.9682408488157117,0.03166224983925084,10.531325922738354
5.745174975719999,9.102209094442932,1.334448616848106,0.14264763607002154,3.0969460263683146
8.514097781185448,7.452679512979051,2.3994385753718808,0.23424848225404835,2.9678877168420064
10.906631419021066,13.811276202725155,5.45705872080769,0.17931186703298663,3.662465918870696
3.874767296952908,8.386963880562396,5.860497823900392,0.07344121220386174,8.518008365696724
14.254473574957585,10.057672189065725,2.5877902393584447,0.2809364836208171,2.02164448553098
9.683919403260312,10.038287879717645,5.6974538308535125,0.012540350954774238,3.958018964476619
7.772258880383383,7.081360677137977,1.835763398056204,0.16849745004166533,3.7473785390196657
4.664979220424764,11.469387580441246,3.4696943361628714,0.051557283804921784,4.316186810286842
2.9117420960896974,6.949211217843758,3.03056799025199,0.11419766123840702,6.051414860388977
5.490916621255271,4.46480948675997,4.099706414281937,0.022600828519153807,5.222067473957335
3.288390225631272,9.438202284121177,5.266518817961395,0.06080090152227581,9.793907358692675
9.647469768321637,9.524163963335184,2.7286443103625473,0.0757584150099582,2.5212252386558727
3.367214581706883,9.030508383489337,5.039076140859679,0.2108252342411788,6.132645691318305
4.781160665428972,9.58233085343672,3.387632774829609,0.19442714923821366,4.241250804294893
8.072396624069949,11.260017430110524,2.9267043389534955,0.15922654850789003,2.908514433654473
8.17418735268488,5.423322306340851,2.5167031667332522,0.07697785685018774,2.639683895741363
6.173475262978343,10.174846549139954,2.999446469232028,0.0499999188978644,3.4557762147093287
9.593405477969846,5.645792080229216,2.490585979457187,0.022959880704799842,2.404422977566323
4.923254224856949,4.536918836401268,4.548357162178849,0.060288456972119014,6.316374413876892
2.919144406052574,5.989774396594435,3.5059675130576897,0.0385338077326824,9.90901162271294
9.637489927629062,7.764515079331423,1.3664927977242098,0.28732501514800585,2.489738611267014
4.296095992173692,7.842602473702773,5.709032800874425,0.03846209815724033,5.940524520726763
4.137387122524441,10.171226628935196,4.771873535999368,0.07297340689255385,5.790441063581395
3.92161766914536,12.834451113615689,3.9474214755525505,0.27271706767469794,5.689114695251059
13.833622268030815,12.46928479834351,4.261524102419609,0.18731785829511627,2.1868484711274467
4.137387122524441,10.171226628935196,4.771873535999368,0.07297340689255385,5.790441063581395
3.3275622098944093,4.970494268956556,4.893100807506983,0.14605230031775535,11.069866820871887
2.148871795354296,14.882279093030952,1.9077682700355072,0.2925423242489528,7.222001918914441
11.536831853388605,13.038538967068652,3.817347197908006,0.1474397229205841,2.889899423685253
3.8951808749589527,4.6191106421743555,5.650159687325067,0.1165624373032314,9.24870873118462
3.2931088036165,4.504137299910606,4.40758020114605,0.15069256612382773,11.317761837630215
2.590253981226393,6.319178666933558,2.8072464543260103,0.2206621394408384,8.434983111336154
4.361606277518026,9.735806744897694,3.508545009838711,0.19141687253441456,5.596733070341768
3.910982212204617,7.704642604385439,5.575364699579063,0.11928516392053219,7.4916374743083765
1.7858292064066448,6.549327943022349,1.229817289286425,0.06726828648453163,10.742627231416678
8.291442269585504,6.311602474399425,4.52218268632582,0.1989974986288826,3.749358525355108
5.3626868990652845,5.011582908706458,3.683685649442895,0.03260661396834134,6.708001970225466
3.317474552488457,7.764539806269769,4.671552485503997,0.22984814021591876,7.817346757436096
5.831561399589494,4.922496036942727,3.1644736780719294,0.037709836291455356,4.694495134701443
6.963599412071124,11.80517002603907,3.0782443124441836,0.07756823886544374,4.05972659615839
6.483219601082298,10.42961514093226,3.1968061874480247,0.03643474922692409,3.8662741737720596
8.988877220914185,3.386858186983583,2.0247026979420166,0.1977363787776153,3.6971380636735964
3.4481089444046993,5.149614342356114,5.020095512696438,0.10000820135861671,10.012358335071315
3.636530765965023,10.784941352047,4.752699493389949,0.1026771982702409,5.310799602507994
4.701644431685048,8.063077401194608,4.354492264596254,0.13888292216547218,5.587866331066067
2.370286736764423,6.7743339931243245,3.265832040847847,0.11311853755527404,8.720445614295404
3.5088088439746836,8.197149415809875,5.782384178951836,0.06260823106073357,8.67285680097798
5.025071627723037,5.070785434634125,4.1155180409847745,0.07122654358895626,4.8139132131358995
9.510805278382753,11.372601137143015,2.3065604982556143,0.10693023236239979,2.2732178083454597
4.701644431685048,8.063077401194608,4.354492264596254,0.13888292216547218,5.587866331066067
5.664696364019797,10.16187586527274,0.6953307846530795,0.07075037554159752,4.324343380188641
2.8099199944587188,6.813181395724802,2.8588825517923926,0.10898905095906711,8.17237471861378
4.1200382708820475,10.522696705002303,4.1081625462275095,0.2982021974195532,5.476536945845524
3.288390225631272,9.438202284121177,5.266518817961395,0.06080090152227581,9.793907358692675
7.78459112591288,10.745891418839697,2.4851244324693296,0.2725469637001837,3.330309302750248
7.220708751690447,3.393084388281506,2.67699362209449,0.03380403389761153,4.559052633387516
4.179376435174822,9.49448642376976,1.7874482213073957,0.22364893457644103,5.303034601522718
6.07913411447849,5.688833846833061,2.996955569554587,0.1498092079192948,4.478525704349044
6.0061347913426415,10.476539621412549,3.2716235353624694,0.24514710774799475,3.124103052385991
1.8027707586287962,10.272519300691144,1.341769494965133,0.026300557454480008,9.153237350587908
4.682110511053716,9.645791889521547,4.684286799981875,0.20244522025854678,5.480122831956447
2.695117467890894,7.6076707372808325,2.26392950605138,0.09211434890265285,6.7969999515347315
8.369176334486873,5.41983107842787,2.4552074987935564,0.13617683884518375,3.260254882779645
3.92161766914536,12.834451113615689,3.9474214755525505,0.27271706767469794,5.689114695251059
4.121457462000615,12.83565345215897,3.297318965473348,0.11190172040618995,5.019304699375422
5.490916621255271,4.46480948675997,4.099706414281937,0.022600828519153807,5.222067473957335
2.965508132354017,7.415544361662827,2.2360542078166077,0.11076358070096237,5.246207900854904
6.559411062134984,9.360095550611291,2.3427828160471638,0.21664954169819245,4.245361707694208
3.1057187745793344,4.754005595289935,4.444823627242184,0.09739210288792549,12.625692089302838
7.876655583106386,5.83658598404153,2.5598288222398065,0.07740720420646373,3.4141149201303804
8.531385706402611,9.200464793583448,4.712674287010764,0.014232747274771654,3.9578648882815752
3.571370661939072,9.486833688913627,3.286541062351451,0.2976088031345048,5.106984278351981
5.5849080028944895,4.2960723781,5.074149164888425,0.19304042479809863,6.460838403090114
9.375732112081472,8.75600824292435,1.5250630106596808,0.0427455312377209,3.0299703707290133
5.71269853402032,8.008054084623552,3.716653630026576,0.1819578728404126,4.701909091927746
4.339043325636463,12.852227642143234,2.78832684458755,0.28978397447142906,5.0128113304709006
2.755808204139515,7.4732344257550904,2.389407698445426,0.1856365618402053,8.402110951377747
2.8060799932748,5.764271670950662,3.895111213473866,0.1415621404222772,9.271299794907847
5.857674401386484,6.963007800910044,0.5491177239341862,0.11210994085197487,4.45712046807739
6.107138965299141,12.943420645936433,3.1224663909355956,0.07207186140571177,3.389163913637878
5.496062474494864,4.599931822076481,3.8617814030624213,0.06976664829530291,5.150992171049046
3.993959190091695,13.00201076640764,2.947931611038711,0.19937124840849582,5.580729836529178
4.104070268626314,9.454729415254839,4.899941819708804,0.07936897635543538,6.873539523104062
2.9019043501942,7.678733628102618,2.468133085848885,0.09840951084692134,6.253040289899003
1.6894114507488607,7.719629652743804,0.8714989454856531,0.12853945437485836,7.202809443696058
5.776468432634297,4.9241979329104,3.687099974572403,0.18404107833549496,5.599007246769258
11.11564560860483,8.140768164482065,2.138786775847918,0.058373091325928946,3.247778149370363
3.9560176029277527,9.322305484684795,3.7521091905464905,0.03390836715882714,6.693761748156952
5.496247809551171,11.116039561806272,3.4290496220576716,0.06704849066665128,4.516183941270473
2.2747356751984658,8.640754734086466,1.7959590929082871,0.2271024275033504,7.541537437796648
4.382546716148049,14.285489598874598,3.076977164111083,0.05056507148419466,3.960504387596604
12.832148537787846,8.857485456871473,4.158515905169638,0.16946399073107446,3.156530198520517
5.721225709137479,5.0468830389183035,3.40807082319709,0.108156527668168,4.7302941243987755
10.330058203617895,6.8979278463926015,0.8002980040130967,0.27983256274328894,2.7024569907976814
3.9790733107419034,12.133166587172935,4.4465359352782885,0.07873659625450999,5.879350290071853
3.361166086198966,14.133978406697402,2.977756830342303,0.2950221166319077,5.879715162643651
3.7306046095592,14.33173465775857,0.7770313033665961,0.2531630436178054,5.127527693185577
12.935289382010943,9.170109918549546,1.5051504749681346,0.06256860303425468,2.143456960396349
9.683919403260312,10.038287879717645,5.6974538308535125,0.012540350954774238,3.958018964476619
7.5566904731474285,11.87133725758456,2.1378775592580355,0.12029768027614639,2.7679653380140135
4.826344400116111,5.196968778987187,4.073240713133064,0.29222146588285874,5.392930604227787
4.637340326352677,12.421279644063748,3.2843829201528276,0.026540830674064597,4.989089923014373
8.134099637127285,13.209418090821135,5.800842965503971,0.27853393933319726,3.932447194286229
8.17418735268488,5.423322306340851,2.5167031667332522,0.07697785685018774,2.639683895741363
4.899413361887127,8.516353320329536,4.943452072616695,0.20224114268247986,6.1873275275969934
3.8016180309016008,8.302371092007556,5.2615073769676926,0.2885237019258767,8.230191771457802
5.109594478788306,4.571076947533807,4.034368823390252,0.1919991356620733,6.662630887677899
6.177880477512351,11.788614853035302,3.1036365246258675,0.062006385619539674,3.3323915164398965
11.834309126440182,14.32608251275985,5.634419580746541,0.24936556385558062,3.3025040845073113
4.156951617396194,7.231212488003604,0.1424570425457673,0.14980404082672807,4.45469865887654
4.312544608574946,13.592276572855644,2.993412676065984,0.19442947733598004,5.16383965338843
12.76811128611722,4.8273835910057,2.019079599544076,0.02286393048575256,2.922987934446769
3.874767296952908,8.386963880562396,5.860497823900392,0.07344121220386174,8.518008365696724
3.6973703296363065,12.338674400967841,3.75871319717508,0.26520187032610704,6.266985680189033
3.574285991197834,8.006057418761399,5.340358366890409,0.21771482362514563,7.516244872677248
2.590253981226393,6.319178666933558,2.8072464543260103,0.2206621394408384,8.434983111336154
7.78459112591288,10.745891418839697,2.4851244324693296,0.2725469637001837,3.330309302750248
6.418843102062008,5.418268412201423,2.8851324650367363,0.16604581788415476,4.26795845937892
9.209785741776804,13.94240749009396,3.3407422603545642,0.15244017597329243,2.7321744502611
5.616736549726571,11.80412498524885,2.4288607207403157,0.15729321070303734,3.620003711401935
3.0210154053321534,7.595655534563983,2.4640524672957835,0.0589191311208297,6.131403571230357
3.8123696590975897,7.4117378091970885,0.7363133845116089,0.08531939182999654,4.056822531142956
7.220708751690447,3.393084388281506,2.67699362209449,0.03380403389761153,4.559052633387516
6.259644784895921,7.619384041420955,5.098100455963036,0.05748248499735473,5.507586592505216
6.241142371795684,5.935362619601744,2.9764676380176858,0.19163719688953257,3.984447308283544
4.312544608574946,13.592276572855644,2.993412676065984,0.19442947733598004,5.16383965338843
5.249882211232125,4.514356526580172,4.597331231192289,0.0940728491351516,6.754030579805887
4.312544608574946,13.592276572855644,2.993412676065984,0.19442947733598004,5.16383965338843
4.140031180552121,7.72374761002497,5.815063301861917,0.13851596256800003,8.18440871263461
1.780216706573749,7.5129904957563065,2.3227179163006446,0.2732514402801897,8.951371201739635
8.775464839576323,8.532432293520879,1.371230656303699,0.13100982747314133,2.941019394363212
10.906631419021066,13.811276202725155,5.45705872080769,0.17931186703298663,3.662465918870696
3.4000763265324516,9.721267453402081,1.643336090593881,0.2022966591639074,5.4165479562348295
2.935433009479259,8.52336830762235,2.7240868163784824,0.237681946522251,6.6722923864747745
6.3682886088979105,4.939587192513034,2.9711105604254806,0.07905275252856607,3.775492398772252
3.7029450223919262,9.44636671449457,4.065769762482018,0.17518741202705143,6.324691775382327
5.498418832334667,3.753228607433348,4.949838690976217,0.06956004453004998,9.565904558969043
3.910982212204617,7.704642604385439,5.575364699579063,0.11928516392053219,7.4916374743083765
6.483219601082298,10.42961514093226,3.1968061874480247,0.03643474922692409,3.8662741737720596
5.0937332751523225,4.776270110033839,4.513250971307738,0.05175879983682131,5.662084564175208
3.985972702625914,7.409246638100571,5.553429939332768,0.17983662716685805,7.93096320196832
8.759089706864776,8.02833424727309,1.549931154040107,0.21920015763602385,3.0977045068119833
6.04506737396101,3.999312764940882,5.979525145485168,0.2599113027071956,7.729506398148151
4.687359657068918,9.907762382273186,3.930494623902761,0.06185663877180714,5.417657693464096
2.7015258527691626,9.146880133950265,1.8976534740608386,0.1142383425641646,6.337418123306101
5.074629254993324,13.327250598331425,2.3500127977173006,0.1358547483643879,4.48052656811143
3.958112986959544,9.67026040721372,3.2190579288528944,0.17542226163472036,5.155557388877832
8.150148559718875,7.640359321615628,1.877838150837631,0.14560972490740834,3.182980443680597
7.876655583106386,5.83658598404153,2.5598288222398065,0.07740720420646373,3.4141149201303804
3.553118379183921,10.677123218285667,5.147014797908254,0.19284817425145878,6.893738799471628
3.812617080069273,9.163020268396949,4.996073266078034,0.12177544112718088,7.075213677498775
7.457042999655721,10.160039674034758,0.3857490408930384,0.11274194098769261,3.3202899391501397
3.2029297463763178,7.67026265856188,2.548752631151183,0.18465865005996965,6.023202922205698
4.382546716148049,14.285489598874598,3.076977164111083,0.05056507148419466,3.960504387596604
5.639916428413489,13.098476457629856,2.1240772003800643,0.07968067385799146,4.7802418965627975
5.9826077855484465,5.694253801374869,3.025910351126769,0.2716095570148318,3.653697762185309
8.958031524848085,6.53475461225775,2.5727058853256235,0.10554955314463627,3.0546936542372642
8.29606091095146,1.6544587858203574,1.770588534067984,0.19736649828062208,7.609520344347367
6.209946960880991,11.63864425661502,2.840321465283692,0.16262553908427307,3.884853022520038
2.9663769304490155,5.6003940692766,3.2580387012697694,0.23595526399203012,9.014322482462159
6.241142371795684,5.935362619601744,2.9764676380176858,0.19163719688953257,3.984447308283544
4.6688820442667875,14.204007234805374,2.8362793786513967,0.037922938561326294,5.335286971029143
2.730722769947006,7.958322128394386,2.0289330033574458,0.01723441108755474,6.555687924403379
4.16675656692057,8.824845813727277,1.3438680646701664,0.0845641355066631,4.2739164336827535
6.414724039063072,10.160138833852145,1.813747834570293,0.14573481050685128,3.3997252948580163
5.855057383130367,3.7161162045424065,5.940266545951344,0.04619673940986779,11.599093823028007
2.558960439936733,11.899038001628464,3.9010706062310523,0.20585089451152142,10.494492902827744
4.194231871041635,9.362493752993418,4.052339183075994,0.1476804577846272,5.831221443403021
7.876655583106386,5.83658598404153,2.5598288222398065,0.07740720420646373,3.4141149201303804
5.6139536443814375,5.40339942094261,3.263490880250482,0.11556715618685007,4.388795293698982
3.29199692476915,5.287266515601685,4.747255772329692,0.1413967860985963,9.249078796506117
4.098248649028912,9.083962490823211,5.015019373928732,0.016981380425349246,9.536198253751538
4.140031180552121,7.72374761002497,5.815063301861917,0.13851596256800003,8.18440871263461
2.406748232605696,7.04932204228443,2.553005960983832,0.09840830366445218,9.153401739994544
5.616736549726571,11.80412498524885,2.4288607207403157,0.15729321070303734,3.620003711401935
5.545995746128973,12.396846332293423,3.3262817873204615,0.10747949319319204,3.857253131735955
3.461708278624248,9.812636961836427,1.0032010216383895,0.13122640079135517,5.06048295376962
14.15737596306737,3.911660835501321,1.8674613191421627,0.21113736760349144,2.54258090470805
4.229766673156979,9.333465392787168,4.713898334387946,0.07177258794078653,6.464779975526406
2.3633727303989374,9.463278265922689,2.0175212577174406,0.06904431440339669,8.098304533025306
2.6570040958921894,9.596994347612945,2.2495508760297596,0.13313490212320694,5.985632390792691
2.339372519407503,7.89201220367419,1.9931990914577633,0.22882282652052988,7.304245700752641
3.5737910936290134,11.632144060740002,4.994237249693262,0.23085469229544647,6.296168438934964
6.16015934292055,6.407037113594487,4.1696431184203835,0.010170315449862459,4.5172720918574685
8.470565354425183,5.81819459717844,2.2388136603711613,0.23374638929972477,2.585314115363003
4.758021369519064,12.242443453371939,3.5234107775117893,0.13855475573925588,4.097677083727202
3.045857891144173,7.55127298078897,2.5034682180630825,0.08506878903877674,7.04485944448719
3.114864619360463,10.316489183650823,1.3073432725776166,0.1520861375205208,6.068284359807536
6.177880477512351,11.788614853035302,3.1036365246258675,0.062006385619539674,3.3323915164398965
4.851069711258978,4.208704447967657,1.1711218891158093,0.07427416274400268,4.847384053055343
6.483219601082298,10.42961514093226,3.1968061874480247,0.03643474922692409,3.8662741737720596
7.433576138224589,5.696805651550701,2.470672129438758,0.09396163931966998,3.3821504500577513
3.024614857716055,14.123387579735967,1.632743381329762,0.23952559485756775,6.277011783762689
6.834965028049666,11.551875370749197,2.873209292290756,0.2860819835392904,3.527807247024816
12.832148537787846,8.857485456871473,4.158515905169638,0.16946399073107446,3.156530198520517
3.114864619360463,10.316489183650823,1.3073432725776166,0.1520861375205208,6.068284359807536
4.068098726715403,7.301842389995312,5.766411955312992,0.11532112305812064,9.010127790660267
8.291442269585504,6.311602474399425,4.52218268632582,0.1989974986288826,3.749358525355108
4.656025151544918,10.82962792171093,2.715500748013621,0.13416521716191074,5.025537147713897
8.531385706402611,9.200464793583448,4.712674287010764,0.014232747274771654,3.9578648882815752
5.4837126828232,10.06767496168388,2.974617501679651,0.0864515695839882,3.467341883137933
11.536831853388605,13.038538967068652,3.817347197908006,0.1474397229205841,2.889899423685253
4.578752429960793,9.088968741508879,5.806899080917357,0.2545971609851504,7.114189602706265
5.091276139898108,4.271474331495739,5.194793476239148,0.09944595491728819,7.429720671067873
4.716695707936665,7.487002343534671,4.656430485525804,0.10695688287131762,5.896880419923
2.8060799932748,5.764271670950662,3.895111213473866,0.1415621404222772,9.271299794907847
3.0934962682680256,8.285687603777504,4.712365551820632,0.21371124626097288,8.875804461083963
4.703511296852852,12.274355277457197,2.3441287664647925,0.053999011785307034,3.782053395751079
14.225756571715051,11.608999561142202,2.931848148301494,0.13102721919212706,2.475840558121814
4.2307718175758815,9.385012209811615,3.8657507035656677,0.13173347581736977,6.435369761027081
13.232766547147428,9.56952440085069,2.5862591926981664,0.21235050944328027,2.24519347999448
2.988170864194143,6.097191444969032,3.351833114701539,0.08911518749331954,7.597180919687219
5.616736549726571,11.80412498524885,2.4288607207403157,0.15729321070303734,3.620003711401935
7.2750089335466965,11.372908089867314,2.7700732570827875,0.06635021074779829,3.4491205226470787
4.146992020389328,9.85173310640135,3.599784946794217,0.23217025315671166,4.662027453977225
3.6740779772231273,8.618679952844927,5.337969189851881,0.09832823476523117,7.954466434295837
3.8265723117817307,8.608513679750077,4.651353039688457,0.2541251531530541,5.277472105198027
6.747550901698091,8.96758544349706,1.8575610512623866,0.20138609951350578,3.2359744876463084
12.524169235407685,9.100855080418565,4.374292868133123,0.21094242034583463,2.997535547777715
9.237292174840725,6.442644635795219,2.380160342657521,0.2272732804485746,2.9804689981936985
14.270002294625412,12.39723463102788,4.761725351700134,0.14712652618400127,3.048543326173288
5.146940814365834,4.2829503194512135,4.287674016730346,0.29808614566852254,5.522934605200135
3.4957787932201745,8.22257440198434,3.848582503990356,0.20464477388165545,6.332775549808781
3.401253749029651,8.232163815463405,2.1362089047190267,0.012293935300979206,5.449004215151124
8.470565354425183,5.81819459717844,2.2388136603711613,0.23374638929972477,2.585314115363003
4.181677790591923,9.312022498872945,4.051175018457435,0.11517305198297374,7.167290743680216
6.894216578078686,13.054545969050725,2.882984343001276,0.1476054361545912,4.515581108209687
9.368903961671627,12.971903755688022,5.9348122351675165,0.2196010103686664,3.779077939471004
1.7858292064066448,6.549327943022349,1.229817289286425,0.06726828648453163,10.742627231416678
4.599313317944304,10.501996810082211,3.129254285852041,0.20234004809915618,4.740170362815812
4.961249601943509,5.2166866929830285,4.208159499631396,0.10828249248818264,5.433119102328585
4.068098726715403,7.301842389995312,5.766411955312992,0.11532112305812064,9.010127790660267
2.370286736764423,6.7743339931243245,3.265832040847847,0.11311853755527404,8.720445614295404
2.9391846812698836,6.156277543903369,4.516152095769699,0.04395006296563492,10.891115470867247
2.379269469209479,4.647977681521342,2.8203654431721414,0.025734441568531274,11.875568016646746
7.220708751690447,3.393084388281506,2.67699362209449,0.03380403389761153,4.559052633387516
6.090760687935589,9.39897103680772,3.32085815735318,0.03991019324331095,3.7795604229980397
2.7861982377623096,6.057322525621145,4.002915026801675,0.026691538661901066,9.717755761215793
6.2808772738215195,10.160339338112058,2.9161076271781927,0.11304018706664654,3.958124784398673
14.270002294625412,12.39723463102788,4.761725351700134,0.14712652618400127,3.048543326173288
7.194373839011619,5.980741465034596,2.6301256081247244,0.10451777284742214,3.777483899917331
2.7103252994593108,6.613330581896991,3.103997141194405,0.09614988814365072,7.833583268904829
2.9019043501942,7.678733628102618,2.468133085848885,0.09840951084692134,6.253040289899003
6.349592422524829,4.39959015102483,5.164631443466861,0.24412746240436492,5.59816014421856
3.6849120101866175,8.217382351281968,5.194227519468955,0.12921713143415947,8.515525507489093
7.039704134905054,5.903632577251896,2.61272921867149,0.2187472750776583,3.2823650832239264
9.637489927629062,7.764515079331423,1.3664927977242098,0.28732501514800585,2.489738611267014
4.524280239740562,10.25203766017389,2.973679905033284,0.14301007349755548,4.834647245937142
7.876655583106386,5.83658598404153,2.5598288222398065,0.07740720420646373,3.4141149201303804
1.780216706573749,7.5129904957563065,2.3227179163006446,0.2732514402801897,8.951371201739635
2.0875326069753317,13.196055481470733,0.993301338468045,0.01193232168486727,8.256814621507141
5.587447942418796,8.866823732633833,3.0902257265083453,0.19103742161422235,3.6543668688383892
5.71269853402032,8.008054084623552,3.716653630026576,0.1819578728404126,4.701909091927746
5.2837576369844195,5.962995621133601,3.291712642113891,0.156743163896308,5.020693854616955
7.145408508344539,12.209517264513781,3.2148307689770244,0.13772347717267797,3.5428757060047995
7.666311838429213,6.07556875017709,2.4127148862855248,0.04566402651976197,3.34953986995198
5.358659791286152,6.0149921338574615,3.158967093712544,0.06620383234209072,4.608635992792975
6.6177512801892115,6.368483073515283,2.931811814848746,0.034418434092005956,3.9819246470884613
5.857674401386484,6.963007800910044,0.5491177239341862,0.11210994085197487,4.45712046807739
7.240864871961418,8.568500115348995,1.3231050907854378,0.2187992824362387,3.3380861183428254
2.8346905900333494,8.311530864967736,1.6018297384190872,0.0653136921816112,5.766287425785865
4.039214497221817,10.65198213181271,2.705009305614907,0.1712252890221856,4.7654364510725795
4.936724603660877,10.423751017170414,2.8918134455733413,0.16466297441177613,4.01853469982791
4.43368527664533,9.767922480320046,5.1923081499769275,0.08769501510250469,5.887864387354217
3.863995340975601,4.716741405328042,5.720282430509871,0.0968351835534243,10.838620800992036
2.6382973334057,8.475646990909018,2.103188088461371,0.025767512976818154,6.558357096716463
8.29606091095146,1.6544587858203574,1.770588534067984,0.19736649828062208,7.609520344347367
3.728675388510386,7.579479862380381,5.748232980037229,0.1210995088270799,9.076986734277686
3.060023741147666,5.750698551141073,3.4208227843318206,0.18956162475515181,6.952402217943551
12.76811128611722,4.8273835910057,2.019079599544076,0.02286393048575256,2.922987934446769
3.7029450223919262,9.44636671449457,4.065769762482018,0.17518741202705143,6.324691775382327
4.378228764730248,10.328821189647982,2.7351340581116728,0.27733680225078555,4.8360198606945755
1.6891977298026921,11.980904304404941,0.7160285952678271,0.2706753134870079,8.696012338999411
4.610925827426088,9.194980698298682,1.3162607191384672,0.03650563054240403,4.8217200288435285
5.396049152737541,9.190889558955387,3.3294225378440707,0.055122818175878156,3.854892533433572
3.974685291114258,7.885808130561211,5.615712242242313,0.17433935963973407,7.473597532084634
5.258081936505236,6.53225653809105,3.24541270994764,0.1380684136307239,4.238255987256894
7.079963706427963,11.427611043647978,4.088726917830825,0.22213166010323765,3.9970470444543253
5.843549392019083,5.2701489303872995,3.550615703518495,0.11910369556748149,4.677389257857266
5.4932866563319385,5.36262077663225,2.710336329462675,0.18699301047951314,3.762018228678307
3.060023741147666,5.750698551141073,3.4208227843318206,0.18956162475515181,6.952402217943551
7.094796799056811,4.078978198064904,2.8835905318807287,0.249777257853191,4.453161092127205
10.707457760694597,14.641304589344163,3.1000367455810887,0.14290257523261288,2.6226125986897686
3.860788877428262,8.558769182882871,5.272667119142999,0.11047163770338708,6.821026066457373
3.6740779772231273,8.618679952844927,5.337969189851881,0.09832823476523117,7.954466434295837
10.707457760694597,14.641304589344163,3.1000367455810887,0.14290257523261288,2.6226125986897686
4.244379431033359,14.674293284898237,1.8495361638136787,0.2388716620518635,4.67380879247305
4.17307316157576,10.091225951035831,4.331714831810635,0.2210502215443852,5.664505310675261
8.83489141036047,7.320940338979538,3.123576236278277,0.29401215610678644,3.047024390905881
3.6849120101866175,8.217382351281968,5.194227519468955,0.12921713143415947,8.515525507489093
6.334782639736169,6.588082236128356,2.9937111975003816,0.24207137269276327,4.109837605400104
7.073322402085555,6.726242977134062,5.928636032981683,0.2975478888289054,5.332611165925254
3.4041685365082075,7.448697882175894,2.7662410075225083,0.27438939387928346,5.42921141936848
7.876655583106386,5.83658598404153,2.5598288222398065,0.07740720420646373,3.4141149201303804
6.406366650739146,6.0605201832645665,2.7641117635594803,0.09681664136069354,4.191926122517291
7.196362339682143,11.674939472685981,3.24166474361684,0.20086622831881068,3.553859293750134
3.8951808749589527,4.6191106421743555,5.650159687325067,0.1165624373032314,9.24870873118462
4.1200382708820475,10.522696705002303,4.1081625462275095,0.2982021974195532,5.476536945845524
6.361404513590436,3.073669453876912,3.231980829312753,0.15376351321575438,5.274353927505762
4.6197124589170935,10.83034118730331,2.084236474033373,0.1777810600726908,4.474390104455186
3.7470088315206613,8.341414006948225,5.585714735191751,0.12673042220866051,6.7940765074508915
3.7063309854628628,8.390533967238365,4.6860371644861205,0.23062127338638017,7.0632863166487505
6.505070112562098,5.3422452318130595,3.0123760323188966,0.17140852444025825,4.291405188691192
3.4318099075113184,9.405430189546385,5.096650325998342,0.21172618457325018,8.122978617573205
6.294141602555405,9.348989254574292,1.90662312768832,0.13637192385572677,3.9212767142525156
6.247589741779821,12.309448041031018,3.122378653680045,0.10121060126540628,3.304084170877094
12.022839443791586,8.609363729050264,1.4480429283997929,0.18216290304381383,2.60383050088648
3.8016180309016008,8.302371092007556,5.2615073769676926,0.2885237019258767,8.230191771457802
5.430880319802227,10.210591686326884,3.4082570836687376,0.052496968958396575,4.47854207499933
1.8542532427797254,8.101692342323734,1.0409293444635441,0.24664199303517959,7.116117330944813
3.1902026627563185,7.956460978344696,0.4137813344956235,0.0485128192707609,5.061419723988855
5.776468432634297,4.9241979329104,3.687099974572403,0.18404107833549496,5.599007246769258
2.6586271271515036,6.579546408341804,3.353337369587334,0.061029959412521664,9.119527618387657
3.045857891144173,7.55127298078897,2.5034682180630825,0.08506878903877674,7.04485944448719
3.732175256251474,14.289949871300255,2.6348645974688023,0.051657254174904514,5.235224669101989
3.7849661275654394,8.961725950782442,4.194731510409833,0.2878474860813389,7.674744134424524
8.988877220914185,3.386858186983583,2.0247026979420166,0.1977363787776153,3.6971380636735964
4.146550936884756,12.837568727700974,3.0088195329927867,0.08500504364522629,4.9832491251713025
5.0937332751523225,4.776270110033839,4.513250971307738,0.05175879983682131,5.662084564175208
4.194231871041635,9.362493752993418,4.052339183075994,0.1476804577846272,5.831221443403021
11.406263026509542,13.548299977742296,4.438036171745284,0.025357946602843708,2.2861729052444444
6.418843102062008,5.418268412201423,2.8851324650367363,0.16604581788415476,4.26795845937892
9.510805278382753,11.372601137143015,2.3065604982556143,0.10693023236239979,2.2732178083454597
2.9763899427132423,8.008361778707883,1.855139738675748,0.11872258804173327,5.475266037547048
3.8127512737574754,9.586769171608553,4.669633821628983,0.2585441497437103,7.021193755155613
4.54414843212316,7.196074648335613,0.6738994515308723,0.29147249313140133,5.5867843178520085
4.8319574115763375,9.754589853787127,3.005309640712516,0.12768723943131344,4.375441313328727
11.964774870999422,12.07622560288307,4.891449159907318,0.25457699957077046,2.897658762664065
4.211920883723017,9.027048697444615,3.8472304072312324,0.2325274545328457,5.855915791886344
6.593808793718091,6.744096981910973,2.9617698638604413,0.0548420962411348,5.0346076258158625
2.8037991641706337,5.904273184095851,3.893132741854993,0.1119315698126407,9.20292525312223
8.744687077222572,10.51567089675386,0.6021493117054146,0.16461014868306656,3.323898019532818
4.227007322349654,13.209748693084519,3.3829460963866866,0.034925728247783686,5.381010892852061
7.876655583106386,5.83658598404153,2.5598288222398065,0.07740720420646373,3.4141149201303804
2.7015258527691626,9.146880133950265,1.8976534740608386,0.1142383425641646,6.337418123306101
4.063529302927079,8.55451137904297,4.720347772686097,0.17341155681617504,6.53526599053819
4.701644431685048,8.063077401194608,4.354492264596254,0.13888292216547218,5.587866331066067
4.008758590354397,8.885734138480835,4.316734221108955,0.12665948539472005,5.313181501642808
4.1200382708820475,10.522696705002303,4.1081625462275095,0.2982021974195532,5.476536945845524
4.760015895563561,10.516307263921933,3.050565493065908,0.22175007754395154,4.443445516347371
3.8123696590975897,7.4117378091970885,0.7363133845116089,0.08531939182999654,4.056822531142956
5.3243795430746,6.056820063539463,2.266791560678807,0.23352601835245768,4.116716993354654
5.296535647036254,10.435761502802732,3.471655472475142,0.10908211326525213,4.534887002770018
3.732175256251474,14.289949871300255,2.6348645974688023,0.051657254174904514,5.235224669101989
2.2747356751984658,8.640754734086466,1.7959590929082871,0.2271024275033504,7.541537437796648
4.909644367380127,12.780281460165689,3.1836931015948027,0.09304252651884314,4.634034511032543
7.75426091806451,5.127248137608349,4.855102042793513,0.11242822578590275,5.1795559655012084
3.993661892565418,9.77363970181813,4.713046568088562,0.09288142985415995,7.081008981152285
4.851069711258978,4.208704447967657,1.1711218891158093,0.07427416274400268,4.847384053055343
3.861525168529613,11.83551651050299,4.319514568580222,0.052674227902242084,6.444084005106943
4.421522074626681,10.25245818666301,4.646375444024315,0.01389864778920325,6.423349703880625
1.9255150426324426,12.963969175915572,3.2375985000171195,0.02089545052955704,9.045445019077277
2.3633727303989374,9.463278265922689,2.0175212577174406,0.06904431440339669,8.098304533025306
2.801609684773602,5.62904710561901,3.3279807680187403,0.16516085243927606,9.655055335341961
3.8951808749589527,4.6191106421743555,5.650159687325067,0.1165624373032314,9.24870873118462
3.184034514654164,8.982330523879677,2.4461112498304596,0.12297268910318261,6.491075854857948
6.483219601082298,10.42961514093226,3.1968061874480247,0.03643474922692409,3.8662741737720596
12.671862844982044,12.934923509009545,5.029184333943899,0.10170011877618454,3.2137012779625533
6.103287406184244,10.912746184067899,3.156095732212325,0.05938127542594396,3.281855249910325
2.353718561488136,8.95588730657629,2.1580668153435925,0.056516138416152835,7.772184404480921
3.3275622098944093,4.970494268956556,4.893100807506983,0.14605230031775535,11.069866820871887
6.086994227986383,12.151583653238399,3.486797288022755,0.10805155217077189,4.120084503401611
9.647469768321637,9.524163963335184,2.7286443103625473,0.0757584150099582,2.5212252386558727
4.573491524925356,8.717386916331588,3.566507975190855,0.18516505175183018,5.215327864373547
2.922149525644315,7.432605873648785,3.1146543251311307,0.05278005756610096,6.777911416353667
8.531385706402611,9.200464793583448,4.712674287010764,0.014232747274771654,3.9578648882815752
4.421522074626681,10.25245818666301,4.646375444024315,0.01389864778920325,6.423349703880625
4.421522074626681,10.25245818666301,4.646375444024315,0.01389864778920325,6.423349703880625
4.211920883723017,9.027048697444615,3.8472304072312324,0.2325274545328457,5.855915791886344
2.755808204139515,7.4732344257550904,2.389407698445426,0.1856365618402053,8.402110951377747
8.412996785137757,6.168187536841276,0.4054970518772487,0.16630126294404066,3.173296108242296
10.257066451822007,12.97166479512107,3.9474445941306286,0.12511380519960727,3.014380937653301
6.351548440302233,7.8448904959865775,2.9402194198962306,0.055528739114785265,3.796283739462485
4.524280239740562,10.25203766017389,2.973679905033284,0.14301007349755548,4.834647245937142
4.996043912615479,4.879388737553883,4.118099772408333,0.13552198536494842,6.614201990965848
5.20895128349685,10.594811393345552,1.1160824080563534,0.019773337413589158,3.6302552857694863
3.8393327018772974,8.216505443432386,2.23458542706421,0.24944736479487475,5.477770268046411
6.7020343302680745,5.50738375417263,2.671630909359343,0.08009073069104912,3.9056603876121576
4.068098726715403,7.301842389995312,5.766411955312992,0.11532112305812064,9.010127790660267
4.375407941512566,14.612911033822588,2.3720087358823774,0.26306665432883264,4.52095141468825
4.179128404119739,9.62315493978803,4.529109385556246,0.06132142306740933,5.7239720532323535
3.7063309854628628,8.390533967238365,4.6860371644861205,0.23062127338638017,7.0632863166487505
3.6842526102046875,8.747985749809853,5.145705680565193,0.12880810958691635,7.614967248310396
2.8141900945529463,5.96082779807105,4.093168932181782,0.011289230353526018,9.954683102158624
6.559411062134984,9.360095550611291,2.3427828160471638,0.21664954169819245,4.245361707694208
3.72273382670825,13.145877416869885,2.7906595250982082,0.14434983681979435,5.69452291396687
5.490916621255271,4.46480948675997,4.099706414281937,0.022600828519153807,5.222067473957335
5.171690987006535,4.544014713972356,4.586434016391753,0.09129289590188011,7.946597079669457
5.185420723115981,5.126761649510496,3.4209400170418003,0.14579881876454778,5.762321242979011
9.510805278382753,11.372601137143015,2.3065604982556143,0.10693023236239979,2.2732178083454597
8.958031524848085,6.53475461225775,2.5727058853256235,0.10554955314463627,3.0546936542372642
9.510805278382753,11.372601137143015,2.3065604982556143,0.10693023236239979,2.2732178083454597
1.6891977298026921,11.980904304404941,0.7160285952678271,0.2706753134870079,8.696012338999411
4.098248649028912,9.083962490823211,5.015019373928732,0.016981380425349246,9.536198253751538
7.876655583106386,5.83658598404153,2.5598288222398065,0.07740720420646373,3.4141149201303804
2.983528224163401,9.14307743655621,1.5526672554455843,0.25511995956538536,5.923068863041278
10.257066451822007,12.97166479512107,3.9474445941306286,0.12511380519960727,3.014380937653301
3.732175256251474,14.289949871300255,2.6348645974688023,0.051657254174904514,5.235224669101989
3.408645434825162,8.21053138296478,5.956435352098241,0.18084035318370428,11.23829539280521
2.7576176488440916,6.043568073285535,3.7488798719580623,0.12822385161903405,7.351815551997479
4.1338151119946085,11.977027636411266,3.086859132492142,0.17968610195571283,4.657241554144345
8.759089706864776,8.02833424727309,1.549931154040107,0.21920015763602385,3.0977045068119833
11.834309126440182,14.32608251275985,5.634419580746541,0.24936556385558062,3.3025040845073113
3.904832553097185,4.4643823978729325,5.621974708121225,0.1200916159357205,11.166556603101935
5.295382518035773,5.017999992197235,3.8156274615023977,0.04052189299811464,6.758093889612463
7.351676946713557,11.594815991458542,0.30945966969416716,0.2342832527316179,3.3814715543143086
2.3511263452803726,7.341732304165116,2.3688330980338903,0.028567443594864857,9.10924075149594
5.401862900507702,9.496727573501037,3.9039894239173183,0.22704267373032444,4.345662467942239
5.378029759896986,4.606560864564701,4.499695555002237,0.18997094984896537,7.202027073181695
7.275521387165035,5.7620714405676186,2.6018967789054246,0.19771459370128183,3.310342995161436
2.7173135598962217,6.6520920390077585,3.8532812949803588,0.06192839786509632,9.21808172248903
4.16675656692057,8.824845813727277,1.3438680646701664,0.0845641355066631,4.2739164336827535
5.721225709137479,5.0468830389183035,3.40807082319709,0.108156527668168,4.7302941243987755
4.442704760627461,11.405109613703859,3.440483202970704,0.17832166644488923,5.242000217856452
2.590253981226393,6.319178666933558,2.8072464543260103,0.2206621394408384,8.434983111336154
11.780758074773372,13.001723135515848,3.7187977707866287,0.09666673647807451,2.9143580564331457
3.728675388510386,7.579479862380381,5.748232980037229,0.1210995088270799,9.076986734277686
6.0704849683013204,2.2891055392658224,3.098355805887728,0.01110901172352685,6.51570920388255
3.184034514654164,8.982330523879677,2.4461112498304596,0.12297268910318261,6.491075854857948
6.726420234667028,9.583667007801694,2.9035340787087707,0.20459860545968564,4.581742722922476
6.834965028049666,11.551875370749197,2.873209292290756,0.2860819835392904,3.527807247024816
6.963599412071124,11.80517002603907,3.0782443124441836,0.07756823886544374,4.05972659615839
3.1057187745793344,4.754005595289935,4.444823627242184,0.09739210288792549,12.625692089302838
6.522549070444839,9.935770571214876,3.0208544112978166,0.24091608032169412,3.8115738780842827
5.856719839754099,5.2102621354784135,3.290871846172113,0.06550619895550253,4.236298710154822
4.996774707300615,13.12567721094719,3.032302203064654,0.011537842323408778,3.899404666025506
3.7470088315206613,8.341414006948225,5.585714735191751,0.12673042220866051,6.7940765074508915
2.6236801815453568,6.209957089324341,3.3881550325541188,0.2190744378014999,7.661656077105329
6.982337100562397,6.163091376094503,2.7648653302629604,0.0723116703274487,3.900499397337787
3.2381538180529925,7.912279734477404,2.220258420684358,0.08068941661390801,6.8290282794331585
3.7830504838621786,8.726715444899007,4.33607361201245,0.2531535875282043,6.5653962122061404
4.922747183599938,4.670309062815318,5.2010995845997545,0.073743628545799,9.182739987900614
3.8737044769808398,10.9308127145306,4.644423604899264,0.017146726831979126,6.494671011484565
4.331952153574846,10.53743724426202,4.1066745515543435,0.031628305463309775,5.8443554638606985
5.419864431954575,4.5462128617303765,4.009548467793379,0.21455657023978533,5.470875236651316
4.592872782315329,4.526843514403816,4.464940122974227,0.14728443770351568,5.664574225005658
3.6740779772231273,8.618679952844927,5.337969189851881,0.09832823476523117,7.954466434295837
4.312544608574946,13.592276572855644,2.993412676065984,0.19442947733598004,5.16383965338843
14.270002294625412,12.39723463102788,4.761725351700134,0.14712652618400127,3.048543326173288
13.194271129886566,12.192163293896193,4.013700537138302,0.018448587281466915,2.9275125710471808
1.633007448604409,6.8966022102243265,1.1738907935746998,0.10967328363114914,10.199870432354963
6.232733164827656,5.181897865540135,3.0067775194542694,0.11279247861924202,3.9297236061261236
4.917234841817481,10.360662217491676,3.000194903195977,0.10082188952543711,3.580811567259322
5.109594478788306,4.571076947533807,4.034368823390252,0.1919991356620733,6.662630887677899
8.890670643862991,6.300023566492709,2.494102678195964,0.13612303976695658,3.1726909132791086
5.231659314871397,4.667998718721136,3.842865766928229,0.1400231126166045,5.938536539569677
7.755232189062149,11.127716492713297,3.1542770921730696,0.11246423017271877,3.419622840523614
2.7861982377623096,6.057322525621145,4.002915026801675,0.026691538661901066,9.717755761215793
5.83374378240163,9.858889335545634,0.9571355839814844,0.16468506501791652,4.384811492291694
4.923254224856949,4.536918836401268,4.548357162178849,0.060288456972119014,6.316374413876892
11.964774870999422,12.07622560288307,4.891449159907318,0.25457699957077046,2.897658762664065
2.747660326155479,9.070584766611638,2.1790228502866373,0.0992558259101606,6.18842556125954
5.340358559359379,9.722834283744682,3.7919252255385305,0.09103692916670564,4.764113253719266
4.068098726715403,7.301842389995312,5.766411955312992,0.11532112305812064,9.010127790660267
7.444449955642073,11.95266890642052,2.7569047704682585,0.28095924783763865,3.1517238489089587
7.219332562404391,12.895930233675996,2.3082433382590954,0.2581646910050143,4.081071338580134
3.3433719402913007,5.129495328394424,4.928613754929671,0.060687130715005366,11.329800076762192
2.6925288823050706,7.079436031177081,2.8954712033592482,0.1419966860305894,6.85552506467875
4.831688452820824,11.36280980810454,3.693539249924079,0.22297808385657808,4.979074234809405
9.209785741776804,13.94240749009396,3.3407422603545642,0.15244017597329243,2.7321744502611
4.486366006576964,9.174067819657544,4.207404682255109,0.11940751060335147,5.401852402279543
4.008758590354397,8.885734138480835,4.316734221108955,0.12665948539472005,5.313181501642808
3.902110076149434,8.522938886471874,4.660172158522623,0.22963328167551236,7.040178347000898
4.2307718175758815,9.385012209811615,3.8657507035656677,0.13173347581736977,6.435369761027081
2.2747356751984658,8.640754734086466,1.7959590929082871,0.2271024275033504,7.541537437796648
6.04506737396101,3.999312764940882,5.979525145485168,0.2599113027071956,7.729506398148151
5.496247809551171,11.116039561806272,3.4290496220576716,0.06704849066665128,4.516183941270473
4.871932771248326,5.036136195951345,3.9711995696978444,0.043987003919628634,4.834791098209079
1.848523039431873,5.7825657206797985,1.9682408488157117,0.03166224983925084,10.531325922738354
5.805728501654878,3.729299519519505,5.059216812129088,0.03186293870473225,7.453578226362712
6.394849642912776,5.376172711774846,2.9805426958501138,0.1850413740075303,4.782354873860649
8.988877220914185,3.386858186983583,2.0247026979420166,0.1977363787776153,3.6971380636735964
3.045857891144173,7.55127298078897,2.5034682180630825,0.08506878903877674,7.04485944448719
5.616736549726571,11.80412498524885,2.4288607207403157,0.15729321070303734,3.620003711401935
3.0879786814261108,5.6975526545874216,4.012439426213488,0.04985048154955583,9.202786483973608
4.027978966506534,12.35689308402467,4.066263272661203,0.020235762588027756,5.387347160940704
4.567034146723509,11.348469797365299,3.3252486889890593,0.1390574441244621,4.944190293225474
4.127272545031439,10.389888445910643,4.461816176428368,0.15012234157174204,6.517205817336735
4.398084462259349,9.253065591489648,4.312296876765815,0.28775568098758303,4.8100201059728125
2.558960439936733,11.899038001628464,3.9010706062310523,0.20585089451152142,10.494492902827744
5.016837886443499,12.535791747248338,2.7613896398686943,0.17642718679777747,4.008405200424517
4.464988787772235,9.687038186103264,3.8232525188766475,0.034778396459820435,5.110354179102494
4.923254224856949,4.536918836401268,4.548357162178849,0.060288456972119014,6.316374413876892
4.701644431685048,8.063077401194608,4.354492264596254,0.13888292216547218,5.587866331066067
5.516853609858989,4.370285801308825,3.9991926042481394,0.10528664175629465,5.42859185471403
1.9255150426324426,12.963969175915572,3.2375985000171195,0.02089545052955704,9.045445019077277
2.9144674372472323,7.9782912159778325,2.2021441033936866,0.0752418276229329,7.181902038109918
4.329903291145215,13.069900192638736,3.33342994006773,0.1594299112321242,4.604219482903519
5.171690987006535,4.544014713972356,4.586434016391753,0.09129289590188011,7.946597079669457
2.2912067527873856,4.519803449292761,0.5504898437464018,0.015446334394975156,7.793911152717333
5.074870296442207,13.56864767944567,2.131385640129741,0.1785252800288873,4.798470582678518
3.649302886729706,8.692255564504386,5.706217010246798,0.09526431320955145,9.126473623672773
2.748937255560704,12.390562561206117,2.572339628935636,0.20624247262318487,6.159825010498432
2.9215042458300147,6.4362946920801765,2.957490022602462,0.041986578119624085,6.1910693667133945
5.171690987006535,4.544014713972356,4.586434016391753,0.09129289590188011,7.946597079669457
4.972788545473622,4.782905471398562,4.945154853346593,0.017321449345968888,6.560639406324739
3.624852649808164,9.227441260170211,4.766739171105266,0.13646737706598033,7.552142411763709
3.2759312584932294,7.437945808220266,2.2196520415582093,0.13500485092168232,6.905691236469956
13.20599499461807,4.33666443792971,1.9102634015429294,0.1198954197636615,2.729457687607559
4.369780262566464,12.456394182518597,3.614654550012877,0.131463364910906,4.445848455443828
6.666308503466767,11.307422385429705,2.948414437436308,0.10042090050305255,3.613412540219079
5.704506552155938,4.420601148958396,5.010842738124273,0.20175449348457408,6.1910513581379805
8.470565354425183,5.81819459717844,2.2388136603711613,0.23374638929972477,2.585314115363003
5.9826077855484465,5.694253801374869,3.025910351126769,0.2716095570148318,3.653697762185309
4.851069711258978,4.208704447967657,1.1711218891158093,0.07427416274400268,4.847384053055343
3.2931088036165,4.504137299910606,4.40758020114605,0.15069256612382773,11.317761837630215
4.910092664366669,4.566124231852931,4.5370858710796576,0.04192605305563625,6.285134055627283
9.593405477969846,5.645792080229216,2.490585979457187,0.022959880704799842,2.404422977566323
10.707457760694597,14.641304589344163,3.1000367455810887,0.14290257523261288,2.6226125986897686
7.275521387165035,5.7620714405676186,2.6018967789054246,0.19771459370128183,3.310342995161436
5.353687379542985,13.545268337090981,2.8749863165808427,0.11385983330685188,4.127296472356625
6.504536507432363,11.647209998443568,3.7527286420830137,0.17114485613685052,3.7999458977780565
3.770521012611453,5.404466967296791,4.07225110374253,0.2895330547599555,7.7908695635458365
3.6716147006844473,8.945732108791502,4.946451883350711,0.1906774676667762,7.247273993359774
6.940479218736792,12.23643781928313,3.2730989022919332,0.23624730419124673,3.8957672236779484
5.796777019948012,5.621422440195266,2.830347890774033,0.15635110104415612,4.015511856559607
5.664696364019797,10.16187586527274,0.6953307846530795,0.07075037554159752,4.324343380188641
6.232733164827656,5.181897865540135,3.0067775194542694,0.11279247861924202,3.9297236061261236
4.826344400116111,5.196968778987187,4.073240713133064,0.29222146588285874,5.392930604227787
5.642639272884404,10.539638156490494,2.757226533509565,0.15124399582504464,3.985027914661652
6.1066361330372105,5.767190399794487,2.966162721169224,0.05243358156528464,4.482119410809513
5.721225709137479,5.0468830389183035,3.40807082319709,0.108156527668168,4.7302941243987755
4.871707992614793,10.79393256451623,2.9473024957333855,0.09673878937150669,4.348760864567819
6.241142371795684,5.935362619601744,2.9764676380176858,0.19163719688953257,3.984447308283544
5.108256656108619,4.81342686309794,4.145011005724374,0.19539499731275808,6.022660755630634
4.814403676458751,4.729664798487393,4.403733866997916,0.06293416785999358,8.076581661853478
4.196172270119046,8.416389873170708,1.5473384818999607,0.14374599895741652,5.1355632080652756
5.0825177886306445,5.385680687812846,3.3163132993607967,0.03641383302626128,4.7431907288154225
2.7349881440157486,8.478212818521389,2.0840240930637686,0.02779263576746417,5.434662366859086
2.8346905900333494,8.311530864967736,1.6018297384190872,0.0653136921816112,5.766287425785865
8.412996785137757,6.168187536841276,0.4054970518772487,0.16630126294404066,3.173296108242296
5.2740914726747565,5.623010298030836,3.216576175688278,0.020709151748073973,4.9491683131057425
12.935289382010943,9.170109918549546,1.5051504749681346,0.06256860303425468,2.143456960396349
3.558628409103248,7.655524895876111,4.839363257955995,0.20181828546708325,7.033362053583304
7.275521387165035,5.7620714405676186,2.6018967789054246,0.19771459370128183,3.310342995161436
6.934077538799527,5.7543741905880115,2.866395320510777,0.04360233989820435,3.629955377723021
2.7934440970666135,6.981727111120576,3.085591859632612,0.2862628859891336,7.88574244666016
3.818536887893962,8.004613569979073,5.9050521530126,0.2365476834431883,8.016104037821943
4.137387122524441,10.171226628935196,4.771873535999368,0.07297340689255385,5.790441063581395
3.05991473582018,9.012275807258106,2.265428201931316,0.08478284556223542,5.917551510291192
3.2103291024203666,5.423003785196218,5.04958605061184,0.09890945397869616,10.960067418866863
5.717406806949171,10.245324597502833,3.3483092027220414,0.13290766926638076,3.9847525326416804
3.5001707977495657,3.5788548310096853,4.196174555800381,0.08045206211956298,13.555814905953614
6.982337100562397,6.163091376094503,2.7648653302629604,0.0723116703274487,3.900499397337787
4.239403973788626,9.516252573815208,4.008711478585235,0.1256365554184915,7.54207967645046
5.804228038430125,11.254525550073737,2.7744892456489376,0.16875969901922439,3.6071338668335216
4.1838785714408395,7.995348038756792,5.669966002645683,0.044136825835499896,7.392657083520927
4.503816103705935,10.412487554773891,3.88881789366859,0.0498022296145926,5.282430720605756
4.703511296852852,12.274355277457197,2.3441287664647925,0.053999011785307034,3.782053395751079
4.418873640638555,9.609110805055423,4.087306500779726,0.0843776230120442,5.393682735627219
3.195542269043753,5.914928100132444,4.177551762291859,0.12400781538497607,8.374286935945928
5.515044812028473,11.224389605890176,3.0359578395088804,0.26981230732736206,3.643445979441445
10.244097535582698,8.49428305595404,2.0071511050866966,0.05545647690887041,2.9869816619118863
5.387116811690411,13.06648113173479,2.2970870583064884,0.09515779593856374,4.317818750490858
4.181677790591923,9.312022498872945,4.051175018457435,0.11517305198297374,7.167290743680216
10.226097151892773,9.971689548687461,3.1368677470976167,0.20986504269198128,2.7778169199699536
8.775464839576323,8.532432293520879,1.371230656303699,0.13100982747314133,2.941019394363212
4.851069711258978,4.208704447967657,1.1711218891158093,0.07427416274400268,4.847384053055343
9.529634063542241,9.332806440917338,1.1358261443799287,0.16795839315159883,2.4921700008264533
4.0699006139086675,11.450288801871379,3.3784017278699405,0.17448066014102898,5.049841091194109
3.958112986959544,9.67026040721372,3.2190579288528944,0.17542226163472036,5.155557388877832
2.514272804822512,4.482643405924357,2.7040341788055824,0.18004190792536684,8.215730839175475
5.0937332751523225,4.776270110033839,4.513250971307738,0.05175879983682131,5.662084564175208
7.8824920210943485,3.745437371848154,2.110225182475262,0.09624747992265086,3.3226610917225905
5.173086687049638,4.640538629000057,4.849721484093338,0.0893073443458904,6.0354121041708595
5.371084140452388,6.201848885357985,2.1484570447217655,0.28638101957825995,4.59389035142996
2.965643161539443,7.874810660189798,2.0827710725413873,0.044714689122456255,6.413709108191613
3.6174919158073813,12.834750038820138,3.7824832122305927,0.08145529715385727,5.47236292281233
5.3243795430746,6.056820063539463,2.266791560678807,0.23352601835245768,4.116716993354654
8.81382069188313,13.415820495275947,2.6891658705398624,0.027196609869741976,3.6605863411308883
5.496062474494864,4.599931822076481,3.8617814030624213,0.06976664829530291,5.150992171049046
3.302065351073298,11.69803612282799,3.658029369767905,0.26030292659728965,6.719294287035252
5.0825177886306445,5.385680687812846,3.3163132993607967,0.03641383302626128,4.7431907288154225
6.507995113031408,13.336001226051652,2.4978362948863246,0.17522455124246594,3.254396222739238
10.330058203617895,6.8979278463926015,0.8002980040130967,0.27983256274328894,2.7024569907976814
3.213312102500081,10.98043489206144,2.5292190532266536,0.2869500947261881,6.042467120583828
5.83374378240163,9.858889335545634,0.9571355839814844,0.16468506501791652,4.384811492291694
3.045857891144173,7.55127298078897,2.5034682180630825,0.08506878903877674,7.04485944448719
5.042403113533387,5.52059833181718,3.4747245611045545,0.026938611724296374,5.779253825394272
3.4619952598447203,8.720650437354266,5.461364591122422,0.1819015948936356,8.815732912296916
3.732175256251474,14.289949871300255,2.6348645974688023,0.051657254174904514,5.235224669101989
6.6177512801892115,6.368483073515283,2.931811814848746,0.034418434092005956,3.9819246470884613
6.39104151019447,12.81062646191589,4.772049347583941,0.11928472819542107,4.172665586918044
5.84491214559654,6.001642438130521,2.978682383849253,0.14810268575159113,4.063245211464926
3.823029091923881,8.52704197777075,5.981778738340969,0.057543736699972925,10.759108712563112
1.8496193505243468,6.210336010390657,1.5144675951945012,0.16894843901694806,8.578215257492678
5.091857218069162,5.209948974561924,3.679300521153739,0.08517305319818012,4.490160809416764
2.7103252994593108,6.613330581896991,3.103997141194405,0.09614988814365072,7.833583268904829
2.656547108514422,6.679083229345405,3.4007454068718044,0.09942116396349707,8.29605935542337
2.9712144356750785,5.67338809391701,3.7413478954932007,0.09775900491567861,7.294266034960175
2.514272804822512,4.482643405924357,2.7040341788055824,0.18004190792536684,8.215730839175475
5.629192123318344,5.446080394333861,3.308247127833617,0.05161288510386694,5.426319976665304
3.7275641028634863,6.577062666401297,1.1835123445410685,0.16092890940271692,5.940664982830261
4.968794292307263,4.790527902961075,4.464587134779843,0.040741574632966765,5.886210036697465
5.025071627723037,5.070785434634125,4.1155180409847745,0.07122654358895626,4.8139132131358995
4.923254224856949,4.536918836401268,4.548357162178849,0.060288456972119014,6.316374413876892
6.171137841028187,10.85640762552908,3.4203728026993727,0.028393301215169753,4.404431048538343
9.237292174840725,6.442644635795219,2.380160342657521,0.2272732804485746,2.9804689981936985
7.291444322528399,6.412431213041064,2.5797461738671696,0.10298524788922249,3.592329272891793
6.623688425921918,5.49543650562893,2.718568228368199,0.11726125138072307,3.61138311982552
3.4813329779703057,13.046776297746128,3.5047244631349024,0.21988492589779401,6.2822264140977975
4.140031180552121,7.72374761002497,5.815063301861917,0.13851596256800003,8.18440871263461
5.5959695794926185,4.1313837390403405,5.734245828286241,0.13786732068610172,6.740892448286883
2.649951931762702,7.16668009419489,2.646615815414389,0.15937838305552254,7.874844847255549
5.857674401386484,6.963007800910044,0.5491177239341862,0.11210994085197487,4.45712046807739
2.6019992800979486,7.072555340702481,2.980740005426559,0.10275214880628702,7.547665254708307
3.724866548543506,9.338121524169797,3.4375424065942943,0.22829438326045576,6.308190964692734
4.2307718175758815,9.385012209811615,3.8657507035656677,0.13173347581736977,6.435369761027081
7.43659284496594,11.547527888337905,3.952701295546527,0.11448766261608295,3.3044123525351887
5.1282073456043165,10.428645360223802,2.612048438975351,0.24399121694736392,4.636543577187399
3.744043461115191,14.852799171632618,2.1902026762329814,0.010502096595389199,6.598523817197649
8.134099637127285,13.209418090821135,5.800842965503971,0.27853393933319726,3.932447194286229
3.819255902670865,4.492686396799526,5.54550999123551,0.08752854257518433,10.546687666934343
5.502507748437319,3.980471880345405,5.129359011832653,0.10322330735046903,8.746192330822216
5.340358559359379,9.722834283744682,3.7919252255385305,0.09103692916670564,4.764113253719266
5.249882211232125,4.514356526580172,4.597331231192289,0.0940728491351516,6.754030579805887
5.549805994455673,5.567961661454353,2.890091349035429,0.07777049795255098,3.9699235154727037
2.9391846812698836,6.156277543903369,4.516152095769699,0.04395006296563492,10.891115470867247
8.83489141036047,7.320940338979538,3.123576236278277,0.29401215610678644,3.047024390905881
5.185845553305029,5.384198123513503,4.613972585537945,0.208551368193297,6.382647259599854
3.958112986959544,9.67026040721372,3.2190579288528944,0.17542226163472036,5.155557388877832
4.256038681572773,5.557169804189239,3.5797068097659768,0.20702056678064096,6.139775117803353
6.258020522751786,6.027522601313495,2.8320929421172547,0.15819068882361276,4.203736108062197
5.074870296442207,13.56864767944567,2.131385640129741,0.1785252800288873,4.798470582678518
3.614501937739865,9.804143550490322,4.156113307929957,0.08136375808579999,6.561408799856694
7.270539827832755,5.82620792637061,2.938880569091027,0.09471643935397314,3.6999549028522702
5.664696364019797,10.16187586527274,0.6953307846530795,0.07075037554159752,4.324343380188641
3.92161766914536,12.834451113615689,3.9474214755525505,0.27271706767469794,5.689114695251059
7.194373839011619,5.980741465034596,2.6301256081247244,0.10451777284742214,3.777483899917331
5.622181365628075,4.114127717336652,5.562996367092844,0.0720957134073315,5.773015629503693
2.818956996089329,6.423551003677292,3.2341581210301134,0.14158329165238415,7.858074458875503
6.418843102062008,5.418268412201423,2.8851324650367363,0.16604581788415476,4.26795845937892
4.01906114876747,4.0398172545857065,5.637785554608971,0.07881876266679216,12.188752544060325
3.5088088439746836,8.197149415809875,5.782384178951836,0.06260823106073357,8.67285680097798
4.72310135406632,11.200590051419525,3.676758095987993,0.011435235822721046,4.738060201963432
3.9009032136660613,7.4691283444836545,5.797575609374897,0.0684260087068459,8.993961939319083
2.366165824806116,7.568242138492843,2.7801623677844254,0.05201408468198263,8.712860955230276
2.9144674372472323,7.9782912159778325,2.2021441033936866,0.0752418276229329,7.181902038109918
5.721225709137479,5.0468830389183035,3.40807082319709,0.108156527668168,4.7302941243987755
6.541493268150033,5.487750212651798,2.7726179567536358,0.07234391739441767,4.103617036570512
3.1057187745793344,4.754005595289935,4.444823627242184,0.09739210288792549,12.625692089302838
3.114864619360463,10.316489183650823,1.3073432725776166,0.1520861375205208,6.068284359807536
3.9165002224534993,9.55235264401762,3.712305539346087,0.25213674901815186,6.7719702943212745
2.930428304345018,2.9736045729600984,2.8454466600665147,0.2028484880955828,11.94273555097733
6.145756364672996,12.305167268523228,1.8825599503241746,0.09035746221190062,3.8304420535662964
5.776468432634297,4.9241979329104,3.687099974572403,0.18404107833549496,5.599007246769258
5.879886449944054,5.517099608613467,3.0946896572045217,0.20725704487170535,4.282807096554592
4.814403676458751,4.729664798487393,4.403733866997916,0.06293416785999358,8.076581661853478
6.157676213132029,11.023876212831329,3.0336806135816254,0.030750230898869725,3.076637918095278
3.7621106787169962,8.222572641369222,5.299145160210184,0.18875658386736271,7.384825835159499
7.5528076256046575,6.669713272527604,2.4261180288098454,0.19802739519816479,3.616821625531141
6.596705971708182,5.744784163839957,2.7170831752241904,0.1768356700307685,3.520871700219851
3.78152523469135,9.984015272025944,3.507907272426922,0.11566628251131456,5.74742120495347
5.155740433173959,4.671819543773078,5.102204498636216,0.09475558496188298,7.158921917678578
12.776098345977275,3.792777306495436,1.9215317550254003,0.04370701431034998,2.8873403321172324
5.3626868990652845,5.011582908706458,3.683685649442895,0.03260661396834134,6.708001970225466
5.642639272884404,10.539638156490494,2.757226533509565,0.15124399582504464,3.985027914661652
6.258020522751786,6.027522601313495,2.8320929421172547,0.15819068882361276,4.203736108062197
5.83374378240163,9.858889335545634,0.9571355839814844,0.16468506501791652,4.384811492291694
6.969182374746138,10.564187757859331,3.675140300640272,0.08309183156460578,3.8891860912397567
6.487093123141548,5.866472420358604,2.7180054687634163,0.012596292909249102,4.15281644851845
5.091857218069162,5.209948974561924,3.679300521153739,0.08517305319818012,4.490160809416764
6.596705971708182,5.744784163839957,2.7170831752241904,0.1768356700307685,3.520871700219851
4.35120395975674,8.7679306082864,4.592997382721546,0.21998292582054252,5.220272191678684
4.196172270119046,8.416389873170708,1.5473384818999607,0.14374599895741652,5.1355632080652756
5.414988872704937,5.254489500672131,3.4869734137462696,0.1435415567164974,5.509030814316863
11.406263026509542,13.548299977742296,4.438036171745284,0.025357946602843708,2.2861729052444444
9.510805278382753,11.372601137143015,2.3065604982556143,0.10693023236239979,2.2732178083454597
13.383959894438952,10.712287804392513,4.9750384120301545,0.012791133366838368,3.0379296274923346
6.504536507432363,11.647209998443568,3.7527286420830137,0.17114485613685052,3.7999458977780565
2.4474595553751266,7.3186641725248425,2.3538265660158286,0.14287942933322034,7.862945743088306
3.240728471573279,8.421808873437534,2.121648882993824,0.0678032625569789,5.033639328762527
2.649951931762702,7.16668009419489,2.646615815414389,0.15937838305552254,7.874844847255549
7.78459112591288,10.745891418839697,2.4851244324693296,0.2725469637001837,3.330309302750248
3.2103291024203666,5.423003785196218,5.04958605061184,0.09890945397869616,10.960067418866863
6.596705971708182,5.744784163839957,2.7170831752241904,0.1768356700307685,3.520871700219851
2.897317101714521,8.068464140527565,2.2346247246438553,0.11467944825865935,7.258818094756561
3.874767296952908,8.386963880562396,5.860497823900392,0.07344121220386174,8.518008365696724
10.707457760694597,14.641304589344163,3.1000367455810887,0.14290257523261288,2.6226125986897686
2.42708667868371,9.76891120328293,1.6827830616437285,0.1910049300554663,6.148396568867775
3.72273382670825,13.145877416869885,2.7906595250982082,0.14434983681979435,5.69452291396687
8.459628453464173,5.354252727415654,2.3629101660681213,0.2551687972784593,3.4475093824982634
6.1066361330372105,5.767190399794487,2.966162721169224,0.05243358156528464,4.482119410809513
4.418873640638555,9.609110805055423,4.087306500779726,0.0843776230120442,5.393682735627219
9.805495051844352,9.342551167170743,1.417242807732271,0.21042403292520384,2.2568026291690715
3.2165790606254303,5.259747135705071,4.3279458028324225,0.07907756111778146,7.393778296488718
2.861486904397986,8.761231846886512,1.8741317309896068,0.03122525343461615,6.085895620703871
6.366286574761031,6.383683413893389,2.7697871743393163,0.018066816702574616,4.357749879144316
2.797230055282398,7.766928734817605,2.678582350748335,0.1352773312772139,8.250592362675404
5.721225709137479,5.0468830389183035,3.40807082319709,0.108156527668168,4.7302941243987755
5.288739281627863,11.324815919362052,2.6529995408532816,0.10116572183634417,4.861129911542851
2.988170864194143,6.097191444969032,3.351833114701539,0.08911518749331954,7.597180919687219
4.465943001665035,13.679139324131153,2.416428690238962,0.01741595401029232,5.427970984384651
4.146992020389328,9.85173310640135,3.599784946794217,0.23217025315671166,4.662027453977225
3.7849661275654394,8.961725950782442,4.194731510409833,0.2878474860813389,7.674744134424524
3.2507533576056016,7.364235172160548,2.214796750982204,0.11144975313072901,5.395466751695151
8.988877220914185,3.386858186983583,2.0247026979420166,0.1977363787776153,3.6971380636735964
6.151139086069677,11.703745614192519,2.5599077190070783,0.062162425446890525,3.8040305140223554
9.510805278382753,11.372601137143015,2.3065604982556143,0.10693023236239979,2.2732178083454597
2.7861982377623096,6.057322525621145,4.002915026801675,0.026691538661901066,9.717755761215793
2.757395366215656,7.239780556843914,3.080950558673967,0.05595847270410054,6.135502980572045
3.9003701590682347,8.790929592988496,5.234776754632091,0.1805821587206075,5.754664871615678
7.073322402085555,6.726242977134062,5.928636032981683,0.2975478888289054,5.332611165925254
5.452079180407316,5.810287718747171,3.5485687677568634,0.02194162358644082,4.984947980062835
4.942905051434348,11.618257609983003,4.0530727945607845,0.03920184091217042,5.127887571184366
6.686731825414547,12.406743364152934,3.2637974751692527,0.11619476393414968,3.4701385540736096
2.6673060633623806,6.146197369607353,3.453670353863502,0.16078138035719683,8.712718394018909
2.7861982377623096,6.057322525621145,4.002915026801675,0.026691538661901066,9.717755761215793
6.232733164827656,5.181897865540135,3.0067775194542694,0.11279247861924202,3.9297236061261236
3.9501315882414243,7.559366705711613,5.937725719456757,0.20760676954285112,7.02058495067541
8.775464839576323,8.532432293520879,1.371230656303699,0.13100982747314133,2.941019394363212
11.834309126440182,14.32608251275985,5.634419580746541,0.24936556385558062,3.3025040845073113
2.6382973334057,8.475646990909018,2.103188088461371,0.025767512976818154,6.558357096716463
5.879886449944054,5.517099608613467,3.0946896572045217,0.20725704487170535,4.282807096554592
9.514610430096205,9.996731854421942,2.573343136204775,0.027404477645724068,2.897271190031155
3.819255902670865,4.492686396799526,5.54550999123551,0.08752854257518433,10.546687666934343
5.115295171456145,4.4689302006561356,5.578496959728343,0.03554327434769046,11.216076420699256
5.155740433173959,4.671819543773078,5.102204498636216,0.09475558496188298,7.158921917678578
9.683919403260312,10.038287879717645,5.6974538308535125,0.012540350954774238,3.958018964476619
3.4672567394354488,3.1767670445060237,2.8164409643533523,0.1824423952228738,8.951133439370729
4.573491524925356,8.717386916331588,3.566507975190855,0.18516505175183018,5.215327864373547
2.6343147983210757,7.938942404866565,2.3433314347049587,0.047071039221623034,7.9297555263388
2.945494991528633,8.470790880401648,2.4576900736479916,0.1419363935086012,6.201616467804678
6.361404513590436,3.073669453876912,3.231980829312753,0.15376351321575438,5.274353927505762
5.20895128349685,10.594811393345552,1.1160824080563534,0.019773337413589158,3.6302552857694863
3.7022742462641993,8.99244255338991,5.420481773564678,0.05257377821836857,8.639018079935067
10.728240776231583,4.556334470268487,2.3074860669704838,0.09178711977548512,3.182987389599668
4.179376435174822,9.49448642376976,1.7874482213073957,0.22364893457644103,5.303034601522718
7.417271816632571,7.199488341159807,4.910164525824551,0.15634576802632827,4.863441218902013
5.414988872704937,5.254489500672131,3.4869734137462696,0.1435415567164974,5.509030814316863
4.610925827426088,9.194980698298682,1.3162607191384672,0.03650563054240403,4.8217200288435285
10.57709783150586,9.458167098304116,2.573790356418808,0.03226893543804779,2.477061993115228
8.266026061783407,6.402936903193421,4.674894636333232,0.03645431867971562,4.642773950878109
2.9964763498091402,6.149476107932964,4.6057873440350665,0.1731440453396387,8.669507754317213
5.2390105550937,4.353383133025386,4.948598328861636,0.07993835275330868,6.8779196441565755
8.759089706864776,8.02833424727309,1.549931154040107,0.21920015763602385,3.0977045068119833
6.10006002491006,5.566874808282586,2.886882740400669,0.1705913122164052,4.6002288009388925
13.491208372591835,7.409019252518397,1.9407954158984864,0.2654894534094821,2.4912774666579454
5.414988872704937,5.254489500672131,3.4869734137462696,0.1435415567164974,5.509030814316863
4.421522074626681,10.25245818666301,4.646375444024315,0.01389864778920325,6.423349703880625
1.5222227847545051,4.0379814535576894,1.0605041550333765,0.1596503002153957,11.123094240241993
1.633007448604409,6.8966022102243265,1.1738907935746998,0.10967328363114914,10.199870432354963
6.264580396511536,12.383864146024369,3.8153720053572915,0.13640885188775334,4.250445457636517
6.209946960880991,11.63864425661502,2.840321465283692,0.16262553908427307,3.884853022520038
6.894216578078686,13.054545969050725,2.882984343001276,0.1476054361545912,4.515581108209687
7.876655583106386,5.83658598404153,2.5598288222398065,0.07740720420646373,3.4141149201303804
2.619122500929639,6.652728773048198,2.7516540322111025,0.20895956841695149,5.894181550263106
5.185420723115981,5.126761649510496,3.4209400170418003,0.14579881876454778,5.762321242979011
2.4965828774976355,7.441418013257708,3.1866039896409686,0.18704937650213604,8.893905199504266
4.931035939325097,4.446730949774409,3.989800675122046,0.15835989004355988,7.102980938644037
3.3433719402913007,5.129495328394424,4.928613754929671,0.060687130715005366,11.329800076762192
5.452079180407316,5.810287718747171,3.5485687677568634,0.02194162358644082,4.984947980062835
6.712316420731625,5.253909830523921,2.8066629525929945,0.08975283692522298,3.8700207594787543
3.4619952598447203,8.720650437354266,5.461364591122422,0.1819015948936356,8.815732912296916
4.8319574115763375,9.754589853787127,3.005309640712516,0.12768723943131344,4.375441313328727
3.823029091923881,8.52704197777075,5.981778738340969,0.057543736699972925,10.759108712563112
7.876655583106386,5.83658598404153,2.5598288222398065,0.07740720420646373,3.4141149201303804
4.388318440488972,9.681083729640346,4.512959950584635,0.09663740733246182,6.140582410608241
4.17307316157576,10.091225951035831,4.331714831810635,0.2210502215443852,5.664505310675261
2.821611723117699,7.341221889303386,2.6541588517858696,0.18262868419708375,6.102747223396467
3.045857891144173,7.55127298078897,2.5034682180630825,0.08506878903877674,7.04485944448719
7.280364160506311,2.18074969753064,1.3336002303177075,0.10941460252115419,3.7916169453556203
6.232733164827656,5.181897865540135,3.0067775194542694,0.11279247861924202,3.9297236061261236
1.633007448604409,6.8966022102243265,1.1738907935746998,0.10967328363114914,10.199870432354963
5.4932866563319385,5.36262077663225,2.710336329462675,0.18699301047951314,3.762018228678307
4.246128342747788,10.044176987824837,4.629601151895388,0.09817279779599633,7.456611034787763
7.380025349231026,12.572878897587636,5.2354140120979675,0.2824853329004,3.707417151504589
6.1066361330372105,5.767190399794487,2.966162721169224,0.05243358156528464,4.482119410809513
8.098244601742445,6.2504333306539195,2.706057772867045,0.24045265314392059,3.682594207619874
6.487093123141548,5.866472420358604,2.7180054687634163,0.012596292909249102,4.15281644851845
2.6019992800979486,7.072555340702481,2.980740005426559,0.10275214880628702,7.547665254708307
4.156951617396194,7.231212488003604,0.1424570425457673,0.14980404082672807,4.45469865887654
5.78527997647062,4.221785090273869,4.597104330021958,0.23184278325668847,5.676176420278734
5.042403113533387,5.52059833181718,3.4747245611045545,0.026938611724296374,5.779253825394272
4.592872782315329,4.526843514403816,4.464940122974227,0.14728443770351568,5.664574225005658
5.926672551233441,5.276813144958103,3.3513550023334715,0.22570408547151002,4.584665034706251
5.717406806949171,10.245324597502833,3.3483092027220414,0.13290766926638076,3.9847525326416804
7.351676946713557,11.594815991458542,0.30945966969416716,0.2342832527316179,3.3814715543143086
2.8645118256688162,7.9017449889710525,2.283850110400885,0.28824969943809203,6.348691243928926
2.988170864194143,6.097191444969032,3.351833114701539,0.08911518749331954,7.597180919687219
3.974685291114258,7.885808130561211,5.615712242242313,0.17433935963973407,7.473597532084634
12.192397427637907,11.21182833476228,0.6902678916736078,0.2257327227489483,2.4718748044296044
3.7621106787169962,8.222572641369222,5.299145160210184,0.18875658386736271,7.384825835159499
2.558111703489917,5.892885850435799,3.8257525822229503,0.155076424059948,7.838872882652614
5.926672551233441,5.276813144958103,3.3513550023334715,0.22570408547151002,4.584665034706251
3.78152523469135,9.984015272025944,3.507907272426922,0.11566628251131456,5.74742120495347
3.8737044769808398,10.9308127145306,4.644423604899264,0.017146726831979126,6.494671011484565
5.380969982738887,4.580454413469681,4.3278227233592865,0.0953252566512374,5.583079117473582
5.78527997647062,4.221785090273869,4.597104330021958,0.23184278325668847,5.676176420278734
3.317474552488457,7.764539806269769,4.671552485503997,0.22984814021591876,7.817346757436096
2.7772352290972004,6.752007837323011,2.952053970965385,0.11651525813853036,7.01682099312747
7.797120393188091,8.486989853676805,2.150214445967204,0.23082463195908484,3.3609980861489146
4.273958090659543,11.339602043516033,2.7251152912997205,0.25843380087517764,4.196492437079063
2.558960439936733,11.899038001628464,3.9010706062310523,0.20585089451152142,10.494492902827744
5.944565556226589,4.192111687995465,4.410965376909609,0.2906157031666424,7.849957850269595
8.332274230956688,12.4880117337977,3.00051869132783,0.06899198889973271,3.2800834919068254
8.470565354425183,5.81819459717844,2.2388136603711613,0.23374638929972477,2.585314115363003
2.875807714039051,6.513002451059586,3.00152178468217,0.05623755234269601,7.386634807215229
6.598070128209177,6.702536958613441,0.21913606609668057,0.23749419477295095,3.553496544300767
6.596705971708182,5.744784163839957,2.7170831752241904,0.1768356700307685,3.520871700219851
2.930428304345018,2.9736045729600984,2.8454466600665147,0.2028484880955828,11.94273555097733
4.758021369519064,12.242443453371939,3.5234107775117893,0.13855475573925588,4.097677083727202
5.83374378240163,9.858889335545634,0.9571355839814844,0.16468506501791652,4.384811492291694
3.78152523469135,9.984015272025944,3.507907272426922,0.11566628251131456,5.74742120495347
5.203150868143769,10.97610821125477,2.5040903817491973,0.29708981155065256,4.278595806675566
5.453702205311317,4.083489549064479,4.636650442097016,0.08167962745018793,6.816774182624048
3.045857891144173,7.55127298078897,2.5034682180630825,0.08506878903877674,7.04485944448719
5.378029759896986,4.606560864564701,4.499695555002237,0.18997094984896537,7.202027073181695
6.108666244875458,5.205364209718977,3.07190879772543,0.27215439186239,4.498133195936393
11.633966890947102,10.808906602948477,3.1508409948897347,0.24855027704071184,2.682620724566826
6.642739436948579,6.262640774862506,2.7275520759863463,0.07475088071133504,3.532897912115873
5.2837576369844195,5.962995621133601,3.291712642113891,0.156743163896308,5.020693854616955
2.821660667677994,6.379602965031369,4.132777711174915,0.2936474686087249,9.198178246012938
4.681331845646751,4.670539302129949,4.764530267456307,0.11459406312978004,7.353559700900221
8.343756595320285,9.184456512641557,5.858625284011819,0.02509811122969165,4.043405121502824
6.292919026584503,5.725353901235701,2.6462252471028047,0.13271441296735867,3.900921346599124
4.826344400116111,5.196968778987187,4.073240713133064,0.29222146588285874,5.392930604227787
5.380969982738887,4.580454413469681,4.3278227233592865,0.0953252566512374,5.583079117473582
3.05991473582018,9.012275807258106,2.265428201931316,0.08478284556223542,5.917551510291192
5.350369318747309,11.611746088811696,2.5927360867237264,0.18798949280356433,3.9515002748715538
4.186627522438174,8.337750644303622,5.369233504046381,0.08015133560449697,6.593691752859901
7.351676946713557,11.594815991458542,0.30945966969416716,0.2342832527316179,3.3814715543143086
5.378029759896986,4.606560864564701,4.499695555002237,0.18997094984896537,7.202027073181695
3.902110076149434,8.522938886471874,4.660172158522623,0.22963328167551236,7.040178347000898
5.1282073456043165,10.428645360223802,2.612048438975351,0.24399121694736392,4.636543577187399
5.340358559359379,9.722834283744682,3.7919252255385305,0.09103692916670564,4.764113253719266
7.5566904731474285,11.87133725758456,2.1378775592580355,0.12029768027614639,2.7679653380140135
11.834309126440182,14.32608251275985,5.634419580746541,0.24936556385558062,3.3025040845073113
6.151139086069677,11.703745614192519,2.5599077190070783,0.062162425446890525,3.8040305140223554
5.580847964307043,5.261080344265827,3.3349166257030696,0.19640283210139184,4.358278986591698
2.299715577051334,6.16814673722355,1.4306133224128021,0.02395118250957079,6.3521572504306345
2.965508132354017,7.415544361662827,2.2360542078166077,0.11076358070096237,5.246207900854904
4.030489103665888,9.401384986928216,5.058846604435946,0.04787096900056516,9.423408824196818
1.8027707586287962,10.272519300691144,1.341769494965133,0.026300557454480008,9.153237350587908
4.603980475802961,2.954131158316975,2.1323650114548935,0.1800181410803702,5.527721250787566
2.983528224163401,9.14307743655621,1.5526672554455843,0.25511995956538536,5.923068863041278
3.29199692476915,5.287266515601685,4.747255772329692,0.1413967860985963,9.249078796506117
5.691291563921871,3.9879599190066517,5.601917896419053,0.09409579068681609,6.740738526764571
2.7103252994593108,6.613330581896991,3.103997141194405,0.09614988814365072,7.833583268904829
2.649951931762702,7.16668009419489,2.646615815414389,0.15937838305552254,7.874844847255549
5.384330577513385,4.3038252408109585,5.264025280510646,0.186254106522303,7.442782132495866
8.424760302191508,6.218173223784516,2.6508557062391325,0.09500347796523059,3.3526898465530555
3.4481089444046993,5.149614342356114,5.020095512696438,0.10000820135861671,10.012358335071315
7.18098489548923,11.162669375305883,3.1920545479402245,0.14716993431655148,3.591488295746254
1.9083181835534657,14.06276319868585,1.8816709710629815,0.11047214802996624,7.9731085339311445
6.259644784895921,7.619384041420955,5.098100455963036,0.05748248499735473,5.507586592505216
5.629192123318344,5.446080394333861,3.308247127833617,0.05161288510386694,5.426319976665304
7.564044872336211,6.333349390407728,5.150338984859064,0.02352137892357928,5.270924327632386
5.776468432634297,4.9241979329104,3.687099974572403,0.18404107833549496,5.599007246769258
7.393865298644689,4.891040789582636,3.140431852633819,0.17760049585453652,4.2144884095771795
5.2740914726747565,5.623010298030836,3.216576175688278,0.020709151748073973,4.9491683131057425
2.352527070942543,9.36636976727444,1.4155240393556348,0.13256027313404412,7.7075011664306725
3.029566542233591,5.506292753105994,4.245336442782266,0.1293204951381313,10.973094713934358
2.8346905900333494,8.311530864967736,1.6018297384190872,0.0653136921816112,5.766287425785865
9.647469768321637,9.524163963335184,2.7286443103625473,0.0757584150099582,2.5212252386558727
5.0369844610748284,5.388426087259525,3.7605071437784323,0.024927191800787063,5.623124634023615
4.421522074626681,10.25245818666301,4.646375444024315,0.01389864778920325,6.423349703880625
3.7275641028634863,6.577062666401297,1.1835123445410685,0.16092890940271692,5.940664982830261
2.4474595553751266,7.3186641725248425,2.3538265660158286,0.14287942933322034,7.862945743088306
4.421522074626681,10.25245818666301,4.646375444024315,0.01389864778920325,6.423349703880625
4.246128342747788,10.044176987824837,4.629601151895388,0.09817279779599633,7.456611034787763
6.177880477512351,11.788614853035302,3.1036365246258675,0.062006385619539674,3.3323915164398965
8.81382069188313,13.415820495275947,2.6891658705398624,0.027196609869741976,3.6605863411308883
7.433576138224589,5.696805651550701,2.470672129438758,0.09396163931966998,3.3821504500577513
4.996043912615479,4.879388737553883,4.118099772408333,0.13552198536494842,6.614201990965848
4.193854538635407,5.3918000723707475,4.447197727483358,0.25386955977081044,6.904744346670156
3.263896475692712,12.326557876466797,3.5226995164098693,0.08685892054889646,6.624877844573424
7.876655583106386,5.83658598404153,2.5598288222398065,0.07740720420646373,3.4141149201303804
3.361166086198966,14.133978406697402,2.977756830342303,0.2950221166319077,5.879715162643651
7.048607885788746,12.535893832870048,3.6745130978353533,0.043803215574503666,3.624959897778117
4.334784049714323,8.610606049119841,5.112009142099067,0.08864562616010534,6.301263554928173
3.861525168529613,11.83551651050299,4.319514568580222,0.052674227902242084,6.444084005106943
3.758735469781551,7.00733573603455,2.7398524818330623,0.22313688398801879,5.626469660898136
4.189358998527504,7.951529867449175,5.898295613416621,0.08534581604805672,7.66476434411421
3.6849120101866175,8.217382351281968,5.194227519468955,0.12921713143415947,8.515525507489093
6.406366650739146,6.0605201832645665,2.7641117635594803,0.09681664136069354,4.191926122517291
4.186917720397197,9.237344392052952,5.1702568021418776,0.24892451610164257,6.016523688357623
5.185420723115981,5.126761649510496,3.4209400170418003,0.14579881876454778,5.762321242979011
2.7260315469212975,6.879081378462428,3.3541106306695774,0.13378348425452494,7.887579353295067
2.4370589903261424,7.492197447624946,3.388760822608734,0.04769747721507613,10.315569285827836
2.558960439936733,11.899038001628464,3.9010706062310523,0.20585089451152142,10.494492902827744
8.29606091095146,1.6544587858203574,1.770588534067984,0.19736649828062208,7.609520344347367
6.6897266328034455,9.847449382929994,2.124551707198081,0.2609750861027655,2.659761491918807
5.414988872704937,5.254489500672131,3.4869734137462696,0.1435415567164974,5.509030814316863
4.524280239740562,10.25203766017389,2.973679905033284,0.14301007349755548,4.834647245937142
4.421522074626681,10.25245818666301,4.646375444024315,0.01389864778920325,6.423349703880625
5.171690987006535,4.544014713972356,4.586434016391753,0.09129289590188011,7.946597079669457
8.98337389217052,8.880285200857553,5.248858903088088,0.06969587403140515,4.346529584987048
6.807120237349978,11.669799547410125,3.1111905652534446,0.14484679059762118,3.3358227361139514
5.516853609858989,4.370285801308825,3.9991926042481394,0.10528664175629465,5.42859185471403
5.502507748437319,3.980471880345405,5.129359011832653,0.10322330735046903,8.746192330822216
2.558960439936733,11.899038001628464,3.9010706062310523,0.20585089451152142,10.494492902827744
1.8027707586287962,10.272519300691144,1.341769494965133,0.026300557454480008,9.153237350587908
5.831561399589494,4.922496036942727,3.1644736780719294,0.037709836291455356,4.694495134701443
6.918625333781395,5.842729767937856,2.9356664029881356,0.15384925796347132,3.019026433245675
6.3453629068999335,7.8503759837436675,1.7467240586779598,0.15822396444611098,4.18023867940021
3.9501315882414243,7.559366705711613,5.937725719456757,0.20760676954285112,7.02058495067541
4.8319574115763375,9.754589853787127,3.005309640712516,0.12768723943131344,4.375441313328727
9.375732112081472,8.75600824292435,1.5250630106596808,0.0427455312377209,3.0299703707290133
2.7719244461798023,12.665833807621011,3.670632886499447,0.2514209592853093,7.213996706091879
3.361166086198966,14.133978406697402,2.977756830342303,0.2950221166319077,5.879715162643651
2.965508132354017,7.415544361662827,2.2360542078166077,0.11076358070096237,5.246207900854904
5.074870296442207,13.56864767944567,2.131385640129741,0.1785252800288873,4.798470582678518
10.048583003626218,5.852910451475035,2.375963709310948,0.03182536469343086,2.5167505112060002
4.503816103705935,10.412487554773891,3.88881789366859,0.0498022296145926,5.282430720605756
9.647469768321637,9.524163963335184,2.7286443103625473,0.0757584150099582,2.5212252386558727
5.091276139898108,4.271474331495739,5.194793476239148,0.09944595491728819,7.429720671067873
4.179376435174822,9.49448642376976,1.7874482213073957,0.22364893457644103,5.303034601522718
3.9537326108257056,9.132777443849026,4.9615630254105145,0.10531894437305789,5.974957719328962
4.961249601943509,5.2166866929830285,4.208159499631396,0.10828249248818264,5.433119102328585
5.665011810092463,13.308579394765538,2.7497542911515698,0.08077548723412908,4.541041619931049
4.186627522438174,8.337750644303622,5.369233504046381,0.08015133560449697,6.593691752859901
1.8542532427797254,8.101692342323734,1.0409293444635441,0.24664199303517959,7.116117330944813
5.109594478788306,4.571076947533807,4.034368823390252,0.1919991356620733,6.662630887677899
2.9763899427132423,8.008361778707883,1.855139738675748,0.11872258804173327,5.475266037547048
